time,commit,dataset,experiment,variant,seq_model,order_mode,seed,seq_len,accuracy,precision,recall,f1,mcc,auc,best_dev_f1
2026-09-06T15:02:15,nogit,TwiBot-20,diagnose_order,keep,transformer,keep,42,32,0.7218934911242604,0.7218259629101283,0.790625,0.7546607009694258,0.4376200482538586,0.7774660451197053,0.7557364914877869
2026-09-06T15:02:35,nogit,TwiBot-20,diagnose_order,keep,transformer,keep,123,32,0.6889264581572274,0.6683168316831684,0.84375,0.7458563535911602,0.37504153039869087,0.773316643646409,0.7633898305084745
2026-09-06T15:03:04,nogit,TwiBot-20,diagnose_order,keep,transformer,keep,456,32,0.7218934911242604,0.7205673758865249,0.79375,0.7553903345724907,0.43763195158307017,0.7809104511970535,0.7606652205350687
2026-09-06T15:03:38,nogit,TwiBot-20,diagnose_order,keep,transformer,keep,789,32,0.6956889264581573,0.6832460732984293,0.815625,0.7435897435897436,0.38546286018571835,0.7707757826887661,0.7625043721580972
2026-09-06T15:04:08,nogit,TwiBot-20,diagnose_order,keep,transformer,keep,2024,32,0.7109044801352493,0.6981382978723404,0.8203125,0.7543103448275862,0.4165375720636387,0.7772185773480663,0.7520282186948853
2026-09-06T15:04:39,nogit,TwiBot-20,diagnose_order,shuffle,transformer,shuffle,42,32,0.705832628909552,0.6957104557640751,0.8109375,0.7489177489177489,0.40564891833370303,0.7762287062615101,0.7586206896551724
2026-09-06T15:05:10,nogit,TwiBot-20,diagnose_order,shuffle,transformer,shuffle,123,32,0.702451394759087,0.6940700808625337,0.8046875,0.7452966714905933,0.39845107907484645,0.7811406537753223,0.7584973166368515
2026-09-06T15:05:36,nogit,TwiBot-20,diagnose_order,shuffle,transformer,shuffle,456,32,0.7075232459847844,0.6970509383378016,0.8125,0.7503607503607503,0.40916358959782023,0.7770229051565376,0.7587939698492462
2026-09-06T15:06:05,nogit,TwiBot-20,diagnose_order,shuffle,transformer,shuffle,789,32,0.6863905325443787,0.669609079445145,0.8296875,0.741102581995813,0.3680266987601742,0.7674119475138121,0.7587853974752644
2026-09-06T15:06:36,nogit,TwiBot-20,diagnose_order,shuffle,transformer,shuffle,2024,32,0.6965342349957735,0.6916780354706685,0.7921875,0.7385287691187181,0.3859204848050479,0.773892150092081,0.7571273908336341
2026-09-06T15:07:02,nogit,TwiBot-20,diagnose_order,reverse,transformer,reverse,42,32,0.7083685545224007,0.6969292389853138,0.815625,0.7516198704103672,0.4110792062299067,0.779886049723757,0.7610241820768137
2026-09-06T15:07:30,nogit,TwiBot-20,diagnose_order,reverse,transformer,reverse,123,32,0.6931530008453085,0.6746532156368222,0.8359375,0.7466852756454989,0.38246067336945155,0.7740475368324127,0.7648261758691206
2026-09-06T15:08:01,nogit,TwiBot-20,diagnose_order,reverse,transformer,reverse,456,32,0.7032967032967034,0.7026647966339411,0.7828125,0.7405764966740577,0.39958847294551,0.7756100368324126,0.7514705882352941
2026-09-06T15:08:39,nogit,TwiBot-20,diagnose_order,reverse,transformer,reverse,789,32,0.6880811496196112,0.6775884665792923,0.8078125,0.736992159657876,0.36944905424997093,0.7605202578268877,0.7592463363572924
2026-09-06T15:09:11,nogit,TwiBot-20,diagnose_order,reverse,transformer,reverse,2024,32,0.6982248520710059,0.6821106821106822,0.828125,0.748059280169372,0.39175092568762154,0.779520603130755,0.7561567811307666
2026-09-06T15:09:20,nogit,TwiBot-20,diagnose_order,bag,bag,keep,42,32,0.6745562130177515,0.6753782668500687,0.7671875,0.7183613752743233,0.34049979762423993,0.7287954650092081,0.728992360858494
2026-09-06T15:09:26,nogit,TwiBot-20,diagnose_order,bag,bag,keep,123,32,0.6584953508030431,0.649746192893401,0.8,0.7170868347338936,0.30823616517146973,0.7257280156537753,0.7320169252468265
2026-09-06T15:09:36,nogit,TwiBot-20,diagnose_order,bag,bag,keep,456,32,0.6745562130177515,0.6632522407170295,0.809375,0.729064039408867,0.34195831606315175,0.7327578268876611,0.7378846834099753
2026-09-06T15:09:54,nogit,TwiBot-20,diagnose_order,bag,bag,keep,789,32,0.6914623837700761,0.6923076923076923,0.7734375,0.7306273062730627,0.37531266806232666,0.7460692909760589,0.7396171903214157
2026-09-06T15:10:05,nogit,TwiBot-20,diagnose_order,bag,bag,keep,2024,32,0.6745562130177515,0.6645161290322581,0.8046875,0.7279151943462897,0.3416238647723038,0.7364986187845304,0.7343804537521815
2026-09-06T15:11:54,nogit,TwiBot-20,diagnose_order,keep,transformer,keep,42,32,0.7218934911242604,0.7218259629101283,0.790625,0.7546607009694258,0.4376200482538586,0.7774660451197053,0.7557364914877869
2026-09-06T15:12:10,nogit,TwiBot-20,diagnose_order,keep,transformer,keep,123,32,0.6889264581572274,0.6683168316831684,0.84375,0.7458563535911602,0.37504153039869087,0.773316643646409,0.7633898305084745
2026-09-06T15:12:31,nogit,TwiBot-20,diagnose_order,keep,transformer,keep,456,32,0.7218934911242604,0.7205673758865249,0.79375,0.7553903345724907,0.43763195158307017,0.7809104511970535,0.7606652205350687
2026-09-06T15:13:00,nogit,TwiBot-20,diagnose_order,keep,transformer,keep,789,32,0.6956889264581573,0.6832460732984293,0.815625,0.7435897435897436,0.38546286018571835,0.7707757826887661,0.7625043721580972
2026-09-06T15:13:24,nogit,TwiBot-20,diagnose_order,keep,transformer,keep,2024,32,0.7109044801352493,0.6981382978723404,0.8203125,0.7543103448275862,0.4165375720636387,0.7772185773480663,0.7520282186948853
2026-09-06T15:13:46,nogit,TwiBot-20,diagnose_order,keep,transformer,keep,7,32,0.6990701606086221,0.6945205479452055,0.7921875,0.7401459854014598,0.391093733707873,0.7692132826887661,0.7525957751521661
2026-09-06T15:14:11,nogit,TwiBot-20,diagnose_order,keep,transformer,keep,13,32,0.7032967032967034,0.701534170153417,0.7859375,0.7413411938098747,0.39960950541082363,0.7770142725598527,0.7481962481962482
2026-09-06T15:14:37,nogit,TwiBot-20,diagnose_order,keep,transformer,keep,99,32,0.7109044801352493,0.6965699208443272,0.825,0.7553648068669528,0.4169343632879107,0.7722375690607736,0.7583482944344704
2026-09-06T15:14:58,nogit,TwiBot-20,diagnose_order,keep,transformer,keep,2025,32,0.702451394759087,0.6951219512195121,0.8015625,0.7445573294629898,0.3983039952946494,0.7754963743093923,0.756350626118068
2026-09-06T15:15:24,nogit,TwiBot-20,diagnose_order,keep,transformer,keep,314,32,0.6787827557058326,0.6600985221674877,0.8375,0.7382920110192838,0.3535912606163385,0.7762546040515654,0.7588094423537461
2026-09-06T15:15:41,nogit,TwiBot-20,diagnose_order,keep,transformer,keep,1618,32,0.7083685545224007,0.7134587554269175,0.7703125,0.7407963936889557,0.4101502199871132,0.7708419659300185,0.7480577136514983
2026-09-06T15:16:01,nogit,TwiBot-20,diagnose_order,keep,transformer,keep,271,32,0.6923076923076923,0.6895604395604396,0.784375,0.7339181286549707,0.377107720027851,0.7750920810313076,0.760014179369018
2026-09-06T15:16:22,nogit,TwiBot-20,diagnose_order,keep,transformer,keep,577,32,0.6982248520710059,0.701280227596017,0.7703125,0.7341772151898734,0.38925904103222386,0.7664422191528546,0.7564008778346745
2026-09-06T15:16:43,nogit,TwiBot-20,diagnose_order,keep,transformer,keep,999,32,0.7083685545224007,0.6948480845442536,0.821875,0.753042233357194,0.41156386317719373,0.7894998848987108,0.7605235231694376
2026-09-06T15:17:03,nogit,TwiBot-20,diagnose_order,keep,transformer,keep,8128,32,0.7151310228233305,0.7173601147776184,0.78125,0.7479431563201197,0.423837827481448,0.7819607504604051,0.7592047128129602
2026-09-06T15:17:36,nogit,TwiBot-20,diagnose_order,shuffle,transformer,shuffle,42,32,0.705832628909552,0.6957104557640751,0.8109375,0.7489177489177489,0.40564891833370303,0.7762287062615101,0.7586206896551724
2026-09-06T15:18:04,nogit,TwiBot-20,diagnose_order,shuffle,transformer,shuffle,123,32,0.702451394759087,0.6940700808625337,0.8046875,0.7452966714905933,0.39845107907484645,0.7811406537753223,0.7584973166368515
2026-09-06T15:18:31,nogit,TwiBot-20,diagnose_order,shuffle,transformer,shuffle,456,32,0.7075232459847844,0.6970509383378016,0.8125,0.7503607503607503,0.40916358959782023,0.7770229051565376,0.7587939698492462
2026-09-06T15:19:02,nogit,TwiBot-20,diagnose_order,shuffle,transformer,shuffle,789,32,0.6863905325443787,0.669609079445145,0.8296875,0.741102581995813,0.3680266987601742,0.7674119475138121,0.7587853974752644
2026-09-06T15:19:36,nogit,TwiBot-20,diagnose_order,shuffle,transformer,shuffle,2024,32,0.6965342349957735,0.6916780354706685,0.7921875,0.7385287691187181,0.3859204848050479,0.773892150092081,0.7571273908336341
2026-09-06T15:20:07,nogit,TwiBot-20,diagnose_order,shuffle,transformer,shuffle,7,32,0.7117497886728656,0.7201767304860088,0.7640625,0.7414708112206216,0.4173517279579688,0.7795695211786373,0.7553231228987672
2026-09-06T15:20:39,nogit,TwiBot-20,diagnose_order,shuffle,transformer,shuffle,13,32,0.6999154691462384,0.6887417218543046,0.8125,0.7455197132616488,0.3937830738790481,0.7752589779005525,0.7568517217146873
2026-09-06T15:21:09,nogit,TwiBot-20,diagnose_order,shuffle,transformer,shuffle,99,32,0.7032967032967034,0.7079136690647482,0.76875,0.7370786516853932,0.39973836901976,0.7787580570902393,0.7578241430700448
2026-09-06T15:21:49,nogit,TwiBot-20,diagnose_order,shuffle,transformer,shuffle,2025,32,0.7261200338123415,0.7123655913978495,0.828125,0.7658959537572254,0.4476917603362058,0.7807924723756907,0.7583965330444203
2026-09-06T15:22:23,nogit,TwiBot-20,diagnose_order,shuffle,transformer,shuffle,314,32,0.6939983093829247,0.6707616707616708,0.853125,0.7510316368638239,0.3867664357496997,0.7761510128913445,0.7620338983050847
2026-09-06T15:22:54,nogit,TwiBot-20,diagnose_order,shuffle,transformer,shuffle,1618,32,0.7066779374471682,0.6925098554533509,0.8234375,0.7523197715917203,0.40829973554697463,0.7785479972375691,0.7580133849947165
2026-09-06T15:23:19,nogit,TwiBot-20,diagnose_order,shuffle,transformer,shuffle,271,32,0.694843617920541,0.6750313676286073,0.840625,0.7487821851078637,0.386496012120263,0.7781393876611419,0.7637984230373671
2026-09-06T15:23:44,nogit,TwiBot-20,diagnose_order,shuffle,transformer,shuffle,577,32,0.7151310228233305,0.723781388478582,0.765625,0.7441154138192863,0.4242793709063514,0.7791810543278085,0.7618697092381302
2026-09-06T15:24:04,nogit,TwiBot-20,diagnose_order,shuffle,transformer,shuffle,999,32,0.6973795435333897,0.6920980926430518,0.79375,0.7394468704512372,0.3876912267643587,0.7790774631675876,0.7551454932576295
2026-09-06T15:24:36,nogit,TwiBot-20,diagnose_order,shuffle,transformer,shuffle,8128,32,0.6897717666948436,0.6958393113342898,0.7578125,0.7255048616305161,0.37211865371815345,0.7667213397790056,0.7585446527012127
2026-09-06T15:24:58,nogit,TwiBot-20,diagnose_order,reverse,transformer,reverse,42,32,0.7083685545224007,0.6969292389853138,0.815625,0.7516198704103672,0.4110792062299067,0.779886049723757,0.7610241820768137
2026-09-06T15:25:21,nogit,TwiBot-20,diagnose_order,reverse,transformer,reverse,123,32,0.6931530008453085,0.6746532156368222,0.8359375,0.7466852756454989,0.38246067336945155,0.7740475368324127,0.7648261758691206
2026-09-06T15:25:49,nogit,TwiBot-20,diagnose_order,reverse,transformer,reverse,456,32,0.7032967032967034,0.7026647966339411,0.7828125,0.7405764966740577,0.39958847294551,0.7756100368324126,0.7514705882352941
2026-09-06T15:26:27,nogit,TwiBot-20,diagnose_order,reverse,transformer,reverse,789,32,0.6880811496196112,0.6775884665792923,0.8078125,0.736992159657876,0.36944905424997093,0.7605202578268877,0.7592463363572924
2026-09-06T15:26:55,nogit,TwiBot-20,diagnose_order,reverse,transformer,reverse,2024,32,0.6982248520710059,0.6821106821106822,0.828125,0.748059280169372,0.39175092568762154,0.779520603130755,0.7561567811307666
2026-09-06T15:27:25,nogit,TwiBot-20,diagnose_order,reverse,transformer,reverse,7,32,0.6965342349957735,0.6875834445927904,0.8046875,0.7415406767458603,0.38644111214894716,0.7660220994475139,0.7582804792107117
2026-09-06T15:27:56,nogit,TwiBot-20,diagnose_order,reverse,transformer,reverse,13,32,0.6931530008453085,0.6869095816464238,0.7953125,0.7371469949312093,0.3791265269176291,0.7745597375690608,0.751493848857645
2026-09-06T15:28:17,nogit,TwiBot-20,diagnose_order,reverse,transformer,reverse,99,32,0.7066779374471682,0.7048951048951049,0.7875,0.7439114391143912,0.406534717340442,0.7713685543278086,0.7559912854030502
2026-09-06T15:28:44,nogit,TwiBot-20,diagnose_order,reverse,transformer,reverse,2025,32,0.7066779374471682,0.7060478199718706,0.784375,0.7431532198371577,0.4065136275528923,0.7693168738489871,0.7560975609756098
2026-09-06T15:29:05,nogit,TwiBot-20,diagnose_order,reverse,transformer,reverse,314,32,0.6855452240067624,0.6704834605597965,0.8234375,0.7391304347826086,0.3656231330373013,0.7700851749539596,0.7557698932139166
2026-09-06T15:29:27,nogit,TwiBot-20,diagnose_order,reverse,transformer,reverse,1618,32,0.7092138630600169,0.7120343839541547,0.7765625,0.7428998505231689,0.41175753164229045,0.7728332182320442,0.7523879500367376
2026-09-06T15:30:04,nogit,TwiBot-20,diagnose_order,reverse,transformer,reverse,271,32,0.7007607776838546,0.6997206703910615,0.7828125,0.7389380530973452,0.3943967628460777,0.7669400322283608,0.7558432218626393
2026-09-06T15:30:35,nogit,TwiBot-20,diagnose_order,reverse,transformer,reverse,577,32,0.6956889264581573,0.6971830985915493,0.7734375,0.7333333333333333,0.38400292558222193,0.7642178867403315,0.7556693489392831
2026-09-06T15:30:58,nogit,TwiBot-20,diagnose_order,reverse,transformer,reverse,999,32,0.7176669484361792,0.7023809523809523,0.8296875,0.7607449856733525,0.4309242174145401,0.7896926795580111,0.7622080679405521
2026-09-06T15:31:20,nogit,TwiBot-20,diagnose_order,reverse,transformer,reverse,8128,32,0.7075232459847844,0.7112068965517241,0.7734375,0.7410179640718563,0.4083368796070528,0.7817996086556169,0.7546754675467546
2026-09-06T15:35:37,nogit,TwiBot-20,diagnose_order,bag,bag,keep,42,32,0.6745562130177515,0.6753782668500687,0.7671875,0.7183613752743233,0.34049979762423993,0.7287954650092081,0.728992360858494
2026-09-06T15:35:43,nogit,TwiBot-20,diagnose_order,bag,bag,keep,123,32,0.6584953508030431,0.649746192893401,0.8,0.7170868347338936,0.30823616517146973,0.7257280156537753,0.7320169252468265
2026-09-06T15:35:51,nogit,TwiBot-20,diagnose_order,bag,bag,keep,456,32,0.6745562130177515,0.6632522407170295,0.809375,0.729064039408867,0.34195831606315175,0.7327578268876611,0.7378846834099753
2026-09-06T15:36:07,nogit,TwiBot-20,diagnose_order,bag,bag,keep,789,32,0.6914623837700761,0.6923076923076923,0.7734375,0.7306273062730627,0.37531266806232666,0.7460692909760589,0.7396171903214157
2026-09-06T15:36:18,nogit,TwiBot-20,diagnose_order,bag,bag,keep,2024,32,0.6745562130177515,0.6645161290322581,0.8046875,0.7279151943462897,0.3416238647723038,0.7364986187845304,0.7343804537521815
2026-09-06T15:36:26,nogit,TwiBot-20,diagnose_order,bag,bag,keep,7,32,0.6694843617920541,0.6649006622516557,0.784375,0.7197132616487455,0.33023944872611954,0.7347605893186003,0.7320214669051879
2026-09-06T15:36:36,nogit,TwiBot-20,diagnose_order,bag,bag,keep,13,32,0.6745562130177515,0.6671035386631717,0.7953125,0.7255880256593015,0.34108959695445284,0.7348267725598526,0.7342756183745583
2026-09-06T15:36:51,nogit,TwiBot-20,diagnose_order,bag,bag,keep,99,32,0.6880811496196112,0.6868965517241379,0.778125,0.7296703296703296,0.36836951582072086,0.7417558701657458,0.7345454545454545
2026-09-06T15:37:01,nogit,TwiBot-20,diagnose_order,bag,bag,keep,2025,32,0.6770921386306001,0.6666666666666666,0.80625,0.7298444130127298,0.3469225488817647,0.7341764502762431,0.7327647476901208
2026-09-06T15:37:13,nogit,TwiBot-20,diagnose_order,bag,bag,keep,314,32,0.6796280642434489,0.6785225718194254,0.775,0.7235594456601021,0.3509670196753565,0.7399487799263352,0.7317773788150808
2026-09-06T15:37:24,nogit,TwiBot-20,diagnose_order,bag,bag,keep,1618,32,0.6661031276415892,0.6618229854689565,0.7828125,0.7172512526843235,0.32321883528111817,0.729934967771639,0.731637405947689
2026-09-06T15:37:46,nogit,TwiBot-20,diagnose_order,bag,bag,keep,271,32,0.6973795435333897,0.6985915492957746,0.775,0.7348148148148148,0.3874657868923089,0.7514502762430939,0.7410909090909091
2026-09-06T15:37:56,nogit,TwiBot-20,diagnose_order,bag,bag,keep,577,32,0.6635672020287405,0.6551282051282051,0.7984375,0.719718309859155,0.31863410471802794,0.7295407458563535,0.7331688403242862
2026-09-06T15:38:08,nogit,TwiBot-20,diagnose_order,bag,bag,keep,999,32,0.6796280642434489,0.6742323097463284,0.7890625,0.7271418286537077,0.3512438348904335,0.7367058011049724,0.7317596566523605
2026-09-06T15:38:20,nogit,TwiBot-20,diagnose_order,bag,bag,keep,8128,32,0.6669484361792054,0.662269129287599,0.784375,0.7181688125894135,0.325008202417903,0.7299378453038675,0.7318634423897582
