variant,seed,f1,auc,best_dev_f1,accuracy
dtg_main,42,0.8795180722891567,0.9344152854511972,0.8826325411334552,0.8647506339814032
dtg_main,123,0.8822652757078987,0.935842541436464,0.884393063583815,0.8664412510566357
dtg_main,456,0.8689655172413794,0.9341246546961326,0.88470066518847,0.8554522400676247
dtg_main,789,0.8791697553743514,0.9338426565377532,0.8829863603732949,0.8622147083685545
dtg_main,2024,0.880597014925373,0.934717426335175,0.8835516739446871,0.8647506339814032
dtg_main,7,0.8774289985052317,0.9305622697974218,0.8837887067395264,0.8613693998309383
dtg_main,13,0.873771730914588,0.9311032458563536,0.8817442719881745,0.8588334742180896
dtg_main,99,0.8793486306439674,0.9324211556169428,0.8818897637795277,0.8622147083685545
dtg_main,2025,0.8820435762584524,0.9348613029465932,0.8867030965391621,0.8672865595942519
dtg_main,314,0.8766086298258895,0.935882826887661,0.8857247170500182,0.8622147083685545
dtg_main,1618,0.8770614692653674,0.9387661141804788,0.8840102451518478,0.8613693998309383
dtg_main,271,0.8827893175074184,0.9339232274401472,0.8842257597684514,0.8664412510566357
dtg_main,577,0.886094674556213,0.933888697053407,0.8866571018651364,0.8698224852071006
dtg_main,999,0.8711379050489827,0.9338627992633516,0.8850072780203785,0.8554522400676247
dtg_main,8128,0.8773513920240783,0.9314514272559852,0.8838053740014524,0.8622147083685545
abl_v_micro,42,0.7479912344777211,0.7808241252302026,0.7561235356762513,0.7083685545224007
abl_v_micro,123,0.7505330490405117,0.7754273135359117,0.762137617883339,0.7032967032967034
abl_v_micro,456,0.7407932011331444,0.7697801565377533,0.7635738831615121,0.6906170752324599
abl_v_micro,789,0.7319804058782367,0.7566499769797421,0.7523576667830947,0.6762468300929839
abl_v_micro,2024,0.7505617977528091,0.7853447283609577,0.7602512005910601,0.7185122569737954
abl_v_micro,7,0.7534345625451916,0.7897099447513811,0.7568529725881096,0.7117497886728656
abl_v_micro,13,0.7436084733382031,0.775031652854512,0.7571068729758906,0.7032967032967034
abl_v_micro,99,0.7521994134897361,0.7799810082872929,0.7526334907373774,0.7142857142857143
abl_v_micro,2025,0.7428150331613854,0.7837678406998159,0.7620764239365536,0.7049873203719358
abl_v_micro,314,0.7498228206945429,0.7870885128913444,0.7655268667131891,0.7016060862214708
abl_v_micro,1618,0.7373737373737373,0.775828729281768,0.7560014331780723,0.6923076923076923
abl_v_micro,271,0.745154343144293,0.7804040055248619,0.7573295655245496,0.6999154691462384
abl_v_micro,577,0.7374631268436579,0.77292817679558,0.759841097869267,0.6990701606086221
abl_v_micro,999,0.7581699346405228,0.7807550644567218,0.7632331902718168,0.7185122569737954
abl_v_micro,8128,0.7556742323097463,0.779431399631676,0.761311475409836,0.6906170752324599
abl_v_macro,42,0.8816083395383469,0.9317794659300184,0.8872936109117013,0.8655959425190194
abl_v_macro,123,0.87856071964018,0.9304788213627992,0.8858181818181817,0.8630600169061707
abl_v_macro,456,0.8734082397003745,0.9317794659300184,0.887032328369052,0.8571428571428571
abl_v_macro,789,0.8769574944071588,0.93211038213628,0.8813314037626628,0.8605240912933221
abl_v_macro,2024,0.8814317673378075,0.93056514732965,0.8852813852813852,0.8655959425190194
abl_v_macro,7,0.8781575037147102,0.9322887891344384,0.8868876080691642,0.8613693998309383
abl_v_macro,13,0.8822205551387847,0.9346253453038674,0.887762490948588,0.8672865595942519
abl_v_macro,99,0.8787878787878787,0.931488835174954,0.888241718238078,0.8647506339814032
abl_v_macro,2025,0.8781954887218045,0.9339692679558012,0.8847283406754772,0.8630600169061707
abl_v_macro,314,0.8753709198813057,0.931999597145488,0.8892096715987008,0.8579881656804734
abl_v_macro,1618,0.8734939759036144,0.9354770948434622,0.8855575868372942,0.8579881656804734
abl_v_macro,271,0.8734082397003745,0.93716620626151,0.8885651857246905,0.8571428571428571
abl_v_macro,577,0.8792198049512379,0.9348613029465932,0.8881578947368421,0.863905325443787
abl_v_macro,999,0.87856071964018,0.929926335174954,0.8833333333333334,0.8630600169061707
abl_v_macro,8128,0.881077038145101,0.9327981123388582,0.8827984132708258,0.8655959425190194
abl_v_global,42,0.8766086298258895,0.929911947513812,0.8862056348335163,0.8622147083685545
abl_v_global,123,0.8810051736881006,0.929074585635359,0.8845050215208035,0.863905325443787
abl_v_global,456,0.8739867354458364,0.9244072283609576,0.8812589413447783,0.8554522400676247
abl_v_global,789,0.872260015117158,0.9304558011049724,0.8825046040515653,0.8571428571428571
abl_v_global,2024,0.8805309734513274,0.92693082412523,0.8855400071761752,0.8630600169061707
abl_v_global,7,0.8708938120702827,0.9323319521178636,0.8847721378288254,0.8571428571428571
abl_v_global,13,0.8727272727272727,0.9305363720073664,0.8871681415929205,0.8579881656804734
abl_v_global,99,0.8766917293233082,0.9317046500920813,0.8888888888888888,0.8613693998309383
abl_v_global,2025,0.8810240963855421,0.9319348526703498,0.8852941176470589,0.8664412510566357
abl_v_global,314,0.8725925925925925,0.9334167817679558,0.8891296496930301,0.8546069315300084
abl_v_global,1618,0.8781954887218045,0.930404005524862,0.8853294503094283,0.8630600169061707
abl_v_global,271,0.882923191648024,0.9359403775322284,0.8872832369942197,0.8672865595942519
abl_v_global,577,0.8716012084592145,0.9302227209944752,0.8880760790051206,0.8562975486052409
abl_v_global,999,0.8810240963855421,0.9331434162062616,0.8858913598250092,0.8664412510566357
abl_v_global,8128,0.8817365269461077,0.9314025092081032,0.8853059728838402,0.8664412510566357
abl_v_micro_macro,42,0.8837555886736215,0.934564917127072,0.8857556037599422,0.8681318681318682
abl_v_micro_macro,123,0.8794007490636704,0.933131906077348,0.886396526772793,0.863905325443787
abl_v_micro_macro,456,0.8789712556732224,0.9359461325966852,0.8842337375964718,0.8647506339814032
abl_v_micro_macro,789,0.8835462058602553,0.9322600138121548,0.8836191171105436,0.8689771766694844
abl_v_micro_macro,2024,0.8766917293233082,0.933704534990792,0.8873445501097293,0.8613693998309383
abl_v_micro_macro,7,0.8704268292682927,0.93369014732965,0.8875000000000001,0.8562975486052409
abl_v_micro_macro,13,0.8817365269461077,0.9358166436464088,0.8851032982964842,0.8664412510566357
abl_v_micro_macro,99,0.8751857355126299,0.933290170349908,0.8839059674502712,0.8579881656804734
abl_v_micro_macro,2025,0.8769811320754718,0.9363432320441988,0.8897839619187111,0.8622147083685545
abl_v_micro_macro,314,0.8802395209580838,0.9348814456721916,0.886620488516223,0.8647506339814032
abl_v_micro_macro,1618,0.8804751299183371,0.9376899171270718,0.8853754940711464,0.863905325443787
abl_v_micro_macro,271,0.876570583887657,0.9338138812154696,0.8904011461318052,0.8588334742180896
abl_v_micro_macro,577,0.8830975428145942,0.9366108425414365,0.886396526772793,0.8672865595942519
abl_v_micro_macro,999,0.8812546676624347,0.9336584944751384,0.8840736728060671,0.8655959425190194
abl_v_micro_macro,8128,0.8745304282494366,0.9353648710865562,0.887032328369052,0.8588334742180896
abl_v_micro_global,42,0.8823959094229364,0.9323463397790056,0.884450784593438,0.863905325443787
abl_v_micro_global,123,0.8808988764044943,0.9326945211786372,0.8832968636032094,0.8655959425190194
abl_v_micro_global,456,0.8779026217228465,0.9356238489871086,0.8820960698689957,0.8622147083685545
abl_v_micro_global,789,0.882923191648024,0.9321449125230202,0.8842945230322815,0.8672865595942519
abl_v_micro_global,2024,0.8810240963855421,0.933816758747698,0.8855243722304283,0.8664412510566357
abl_v_micro_global,7,0.8777943368107303,0.931696017495396,0.8842408943382619,0.8613693998309383
abl_v_micro_global,13,0.8753709198813057,0.9349274861878454,0.8858480374504861,0.8579881656804734
abl_v_micro_global,99,0.8789237668161435,0.9346713858195212,0.8874364560639071,0.8630600169061707
abl_v_micro_global,2025,0.8723723723723724,0.930165170349908,0.8841573439191628,0.8562975486052409
abl_v_micro_global,314,0.874162323157111,0.9327261740331492,0.8864549105512961,0.8571428571428571
abl_v_micro_global,1618,0.8826568265682657,0.9372036141804788,0.8848920863309352,0.8655959425190194
abl_v_micro_global,271,0.8837897853441895,0.931848526703499,0.8850325379609545,0.8672865595942519
abl_v_micro_global,577,0.8784082535003684,0.9313363259668508,0.8839381961911607,0.8605240912933221
abl_v_micro_global,999,0.8769811320754718,0.9361389272559852,0.885641213006942,0.8622147083685545
abl_v_micro_global,8128,0.8859060402684564,0.9370079419889502,0.8834845735027222,0.8706677937447168
abl_v_macro_global,42,0.8796433878157505,0.9304471685082872,0.8815742397137746,0.8630600169061707
abl_v_macro_global,123,0.8793486306439674,0.9272732504604052,0.8837042354630295,0.8622147083685545
abl_v_macro_global,456,0.880354505169867,0.9279581031307552,0.8834048640915593,0.8630600169061707
abl_v_macro_global,789,0.8772189349112426,0.9287292817679558,0.8857244571021716,0.8596787827557059
abl_v_macro_global,2024,0.8735976065818997,0.9269653545119706,0.8820960698689957,0.8571428571428571
abl_v_macro_global,7,0.8745360059391241,0.9265883977900552,0.8844908240374234,0.8571428571428571
abl_v_macro_global,13,0.8845577211394303,0.9308183701657458,0.8858913598250092,0.8698224852071006
abl_v_macro_global,99,0.879154078549849,0.929575276243094,0.8835690968443961,0.8647506339814032
abl_v_macro_global,2025,0.8795355587808419,0.9274833103130756,0.8816526610644257,0.8596787827557059
abl_v_macro_global,314,0.8780852655198206,0.9332498848987107,0.8875912408759123,0.8622147083685545
abl_v_macro_global,1618,0.8857356235997011,0.9336843922651934,0.8852459016393442,0.8706677937447168
abl_v_macro_global,271,0.8814317673378075,0.9330887430939224,0.8864046159394158,0.8655959425190194
abl_v_macro_global,577,0.8755622188905547,0.9280041436464088,0.8863142650253439,0.8596787827557059
abl_v_macro_global,999,0.8698224852071006,0.9239986187845304,0.8852341794780121,0.8512256973795436
abl_v_macro_global,8128,0.8770370370370371,0.9287810773480664,0.8857040487280545,0.8596787827557059
abl_f_concat,42,0.8826568265682657,0.9333362108655616,0.8821621621621623,0.8655959425190194
abl_f_concat,123,0.8878990348923534,0.9363115791896868,0.8861846814602721,0.8723584108199492
abl_f_concat,456,0.8828828828828829,0.9355835635359117,0.8799708135716892,0.8681318681318682
abl_f_concat,789,0.8790383170548459,0.9360223872007366,0.8823529411764707,0.863905325443787
abl_f_concat,2024,0.8823529411764707,0.9377186924493556,0.8834490317866276,0.8681318681318682
abl_f_concat,7,0.8773513920240783,0.9370913904235728,0.8854625550660792,0.8622147083685545
abl_f_concat,13,0.8878990348923534,0.9364094152854512,0.8833151581243185,0.8723584108199492
abl_f_concat,99,0.8812546676624347,0.9350742403314916,0.886396526772793,0.8655959425190194
abl_f_concat,2025,0.880597014925373,0.936527394106814,0.8888086642599279,0.8647506339814032
abl_f_concat,314,0.8843843843843844,0.9353850138121548,0.8855793679622229,0.8698224852071006
abl_f_concat,1618,0.8795888399412628,0.9329851519337018,0.8822898032200358,0.8613693998309383
abl_f_concat,271,0.8882309400444116,0.9384265653775324,0.8887288440763413,0.8723584108199492
abl_f_concat,577,0.8801775147928994,0.93714894106814,0.8869690424766019,0.8630600169061707
abl_f_concat,999,0.875187969924812,0.936527394106814,0.8819648093841642,0.8596787827557059
abl_f_concat,8128,0.882664647993944,0.9369503913443832,0.884079236977256,0.8689771766694844
abl_f_gate,42,0.8839941262848752,0.9377819981583794,0.887937187723055,0.8664412510566357
abl_f_gate,123,0.8811808118081179,0.9329765193370164,0.8846704871060173,0.863905325443787
abl_f_gate,456,0.8729689807976365,0.9283580801104973,0.8827338129496404,0.8546069315300084
abl_f_gate,789,0.8823082763857252,0.9371546961325966,0.8841169937060348,0.8689771766694844
abl_f_gate,2024,0.8819969742813919,0.935307320441989,0.8823959094229363,0.8681318681318682
abl_f_gate,7,0.8767951625094481,0.9365043738489872,0.8882395909422937,0.8622147083685545
abl_f_gate,13,0.8827067669172932,0.9371057780847144,0.8872674206493981,0.8681318681318682
abl_f_gate,99,0.889054355919583,0.935267034990792,0.8861493836113126,0.8740490278951818
abl_f_gate,2025,0.8827893175074184,0.9347634668508288,0.8878604485582058,0.8664412510566357
abl_f_gate,314,0.8880652335063011,0.9345620395948436,0.8851399856424981,0.8723584108199492
abl_f_gate,1618,0.8776119402985074,0.9388581952117864,0.8830791575889615,0.8613693998309383
abl_f_gate,271,0.8833087149187593,0.9370424723756904,0.8884904983865186,0.8664412510566357
abl_f_gate,577,0.8800599700149924,0.936751841620626,0.8855793679622229,0.8647506339814032
abl_f_gate,999,0.8827893175074184,0.9298687845303868,0.8812949640287769,0.8664412510566357
abl_f_gate,8128,0.8812546676624347,0.9394250690607736,0.8839578028373954,0.8655959425190194
abl_l_0,42,0.8785185185185186,0.9331189571823204,0.8846431146359048,0.8613693998309383
abl_l_0,123,0.8738147337709701,0.9280271639042358,0.8843004627981489,0.8537616229923922
abl_l_0,456,0.8815094339622641,0.9378050184162062,0.8855465884079237,0.8672865595942519
abl_l_0,789,0.8814317673378075,0.9384524631675876,0.8855072463768117,0.8655959425190194
abl_l_0,2024,0.8812546676624347,0.9341649401473298,0.8855182376309138,0.8655959425190194
abl_l_0,7,0.8776119402985074,0.9326542357274402,0.8869690424766019,0.8613693998309383
abl_l_0,13,0.8878990348923534,0.9354814111418048,0.8839898807372606,0.8723584108199492
abl_l_0,99,0.8705526116578349,0.9307809622467772,0.8808020794652803,0.8554522400676247
abl_l_0,2025,0.8724528301886791,0.9357907458563536,0.885317750182615,0.8571428571428571
abl_l_0,314,0.8791044776119403,0.936711556169429,0.8863226272103932,0.8630600169061707
abl_l_0,1618,0.8822205551387847,0.936869820441989,0.8840421664849145,0.8672865595942519
abl_l_0,271,0.875945537065053,0.9350397099447514,0.8861313868613139,0.8613693998309383
abl_l_0,577,0.8824404761904762,0.936072744014733,0.8864046159394158,0.8664412510566357
abl_l_0,999,0.8768171384850802,0.935515941528545,0.8846011131725416,0.863905325443787
abl_l_0,8128,0.8793363499245852,0.9364108540515654,0.8875045804323929,0.8647506339814032
abl_l_0.1,42,0.8811086797957696,0.932254258747698,0.8835884656461376,0.8622147083685545
abl_l_0.1,123,0.8809349890430971,0.9279667357274402,0.885,0.8622147083685545
abl_l_0.1,456,0.886094674556213,0.9357792357274404,0.8835370237239396,0.8698224852071006
abl_l_0.1,789,0.883271375464684,0.9370712476979742,0.8831826401446654,0.8672865595942519
abl_l_0.1,2024,0.8802973977695168,0.9353994014732964,0.8863309352517985,0.863905325443787
abl_l_0.1,7,0.8790087463556852,0.933753453038674,0.8835227272727273,0.8596787827557059
abl_l_0.1,13,0.8826151560178306,0.9347116712707182,0.8832011535688536,0.8664412510566357
abl_l_0.1,99,0.8763878608438194,0.9314859576427256,0.8822890257153205,0.8588334742180896
abl_l_0.1,2025,0.8761194029850746,0.9354310543278084,0.8838896952104499,0.8596787827557059
abl_l_0.1,314,0.8755622188905547,0.9350023020257828,0.8879248011569052,0.8596787827557059
abl_l_0.1,1618,0.8784905660377359,0.9386279926335176,0.8860853432282003,0.863905325443787
abl_l_0.1,271,0.8739622641509434,0.9347605893186004,0.8873394495412843,0.8588334742180896
abl_l_0.1,577,0.8820435762584524,0.93505985267035,0.8849945235487404,0.8672865595942519
abl_l_0.1,999,0.8809704321455648,0.9366655156537752,0.8844036697247707,0.8672865595942519
abl_l_0.1,8128,0.8850746268656717,0.9339721454880294,0.8864786695589298,0.8698224852071006
abl_l_0.5,42,0.8805860805860807,0.9321679327808472,0.8832559800071402,0.8622147083685545
abl_l_0.5,123,0.8776871756856932,0.9342973066298342,0.8850574712643678,0.8605240912933221
abl_l_0.5,456,0.8721461187214611,0.9328786832412524,0.8858413639733136,0.8579881656804734
abl_l_0.5,789,0.8849028400597908,0.935828153775322,0.8867924528301888,0.8698224852071006
abl_l_0.5,2024,0.8778280542986426,0.9324988489871088,0.8845731037009894,0.8630600169061707
abl_l_0.5,7,0.8774289985052317,0.931162235267035,0.889051094890511,0.8613693998309383
abl_l_0.5,13,0.8841010401188707,0.931911832412523,0.8819469669451506,0.8681318681318682
abl_l_0.5,99,0.87667161961367,0.930444290976059,0.8805213613323678,0.8596787827557059
abl_l_0.5,2025,0.8843843843843844,0.935540400552486,0.8892921960072594,0.8698224852071006
abl_l_0.5,314,0.87856071964018,0.9338685543278084,0.8884010245151849,0.8630600169061707
abl_l_0.5,1618,0.8797047970479704,0.9364554558011048,0.8830703012912482,0.8622147083685545
abl_l_0.5,271,0.878122634367903,0.9369388812154696,0.8870262390670554,0.863905325443787
abl_l_0.5,577,0.8750946252838758,0.9353130755064456,0.8880706921944036,0.8605240912933221
abl_l_0.5,999,0.880597014925373,0.935833908839779,0.8826086956521739,0.8647506339814032
abl_l_0.5,8128,0.8773800456968773,0.9340210635359116,0.8825490922563912,0.863905325443787
abl_l_1.0,42,0.8762190547636909,0.9328614180478824,0.8832302655511095,0.8605240912933221
abl_l_1.0,123,0.8705357142857142,0.9293421961325968,0.8837711406980927,0.852916314454776
abl_l_1.0,456,0.8784489187173751,0.9318024861878452,0.8827338129496404,0.8622147083685545
abl_l_1.0,789,0.8722927557879014,0.9290573204419892,0.8844076341375586,0.8554522400676247
abl_l_1.0,2024,0.8762338648443432,0.9316240791896868,0.8838235294117648,0.8622147083685545
abl_l_1.0,7,0.8697604790419161,0.930136395027624,0.8868679519825391,0.852916314454776
abl_l_1.0,13,0.883720930232558,0.931727670349908,0.8812204867417364,0.8689771766694844
abl_l_1.0,99,0.8732600732600733,0.9276099217311232,0.8833392793435605,0.8537616229923922
abl_l_1.0,2025,0.8807749627421759,0.9351778314917129,0.8868127919511318,0.8647506339814032
abl_l_1.0,314,0.8788562829194884,0.9332470073664824,0.8852578068264342,0.863905325443787
abl_l_1.0,1618,0.8715251690458301,0.9310169198895027,0.8801742919389978,0.8554522400676247
abl_l_1.0,271,0.8700906344410877,0.9329851519337018,0.8880787458986512,0.8546069315300084
abl_l_1.0,577,0.8841786525359575,0.934328959484346,0.8838568298027757,0.8706677937447168
abl_l_1.0,999,0.8704119850187266,0.9359633977900552,0.8842945230322815,0.8537616229923922
abl_l_1.0,8128,0.8826151560178306,0.928053061694291,0.8857040487280545,0.8664412510566357
abl_t_last,42,0.8882265275707899,0.9312442449355433,0.8863142650253439,0.8732037193575655
abl_t_last,123,0.8714828897338402,0.932015423572744,0.8819829818719941,0.8571428571428571
abl_t_last,456,0.8873974645786726,0.9369503913443832,0.8802045288531775,0.8723584108199492
abl_t_last,789,0.877245508982036,0.9375748158379372,0.8839088905216752,0.8613693998309383
abl_t_last,2024,0.88441461595824,0.9378740791896868,0.8821182444686253,0.8689771766694844
abl_t_last,7,0.8822652757078987,0.9363345994475138,0.8864786695589298,0.8664412510566357
abl_t_last,13,0.8728103579588729,0.9340584714548804,0.8848439821693908,0.8588334742180896
abl_t_last,99,0.8795811518324608,0.938400667587477,0.8826086956521739,0.863905325443787
abl_t_last,2025,0.8794007490636704,0.9336556169429098,0.8830022075055187,0.863905325443787
abl_t_last,314,0.886056971514243,0.9379201197053408,0.8894564027727107,0.871513102282333
abl_t_last,1618,0.8811292719167905,0.936400782688766,0.8820101966496723,0.8647506339814032
abl_t_last,271,0.8747186796699176,0.9338282688766114,0.8856518572469047,0.8588334742180896
abl_t_last,577,0.8800000000000001,0.930084599447514,0.8857657657657657,0.8630600169061707
abl_t_last,999,0.8773513920240783,0.9331549263351748,0.8816654492330168,0.8622147083685545
abl_t_last,8128,0.8789712556732224,0.9351174033149172,0.8826979472140764,0.8647506339814032
